<?xml version="1.0" encoding="UTF-8"?>
<configuration>
	
    <include resource="org/springframework/boot/logging/logback/defaults.xml"/>
<!--  									logs-folder,app.log-name of file -->
    <property name="LOG_FILE" value="logs/app.log"/>
 
    <appender name="FILE-ROLLING" class="ch.qos.logback.core.rolling.RollingFileAppender">
        <file>${LOG_FILE}</file>
 
        <rollingPolicy class="ch.qos.logback.core.rolling.SizeAndTimeBasedRollingPolicy">
<!--         													%i-incremental number -->
            <fileNamePattern>logs/archived/app.%d{yyyy-MM-dd}.%i.log</fileNamePattern>
            <!-- each archived file, size max 5KB -->
            <maxFileSize>5KB</maxFileSize>
            <!-- total size of all archive files, if total size > 20KB,
				it will delete old archived file -->
            <totalSizeCap>20KB</totalSizeCap>
            <!-- 60 days to keep -->
            <maxHistory>60</maxHistory>
        </rollingPolicy>
 
        <encoder>
            <pattern>%d %p %c{1} [%t] %m%n</pattern>
        </encoder>
    </appender>
 
    <appender name="CONSOLE" class="ch.qos.logback.core.ConsoleAppender">
        <layout class="ch.qos.logback.classic.PatternLayout">
            <Pattern>
                %d{HH:mm:ss.SSS} [%t] %-5level %logger{36} - %msg%n
            </Pattern>
        </layout>
    </appender>
 
<!-- 	add dependency of email in pom file -->
<!--    <appender name="EMAIL" class="ch.qos.logback.classic.net.SMTPAppender">-->
<!--        <smtpHost>smtp.gmail.com</smtpHost>-->
<!--        <smtpPort>587</smtpPort>-->
<!--        <STARTTLS>true</STARTTLS>-->
<!--        <username>emailid</username>-->
<!--        <password>password</password>-->
<!--        <to>emailid</to>-->
<!--        <from>emailid</from>-->
<!--        <subject>TESTING: %logger{20} - %m</subject>-->
 
<!--        <layout class="ch.qos.logback.classic.html.HTMLLayout"/>-->
<!--    </appender>-->
<!-- 	name-for which logging is required and appender how you need loggers -->
<!--    <logger name="com.admin.serviceimpl" level="info" additivity="false">-->
<!--        <appender-ref ref="EMAIL"/>-->
<!--    </logger>-->
 
    <logger name="com.capgemini.services" level="debug" additivity="false">
        <appender-ref ref="FILE-ROLLING"/>
    </logger>
 
    <root level="error">
        <appender-ref ref="FILE-ROLLING"/>
    </root>
 
    <logger name="com.capgemini.services" level="dubug" additivity="false">
        <appender-ref ref="CONSOLE"/>
    </logger>
    <root level="error">
        <appender-ref ref="CONSOLE"/>
    </root>
 
</configuration>